199	7.5	12	1/2/2024 0:00
199	8	23	1/2/2024 0:00
199	9	12	1/3/2024 0:00
199	7.5	23	1/3/2024 0:00
199	3	42	1/3/2024 0:00
199	7.50	12	1/4/2024 0:00
199	7.5	23	1/4/2024 0:00
199	7.5	12	1/5/2024 0:00
199	8.5	23	1/5/2024 0:00
199	5	42	1/5/2024 0:00
199	5	42	1/6/2024 0:00
199	3	12	1/7/2024 0:00
199	4	42	1/7/2024 0:00
199	7.5	12	1/8/2024 0:00
199	7.5	23	1/8/2024 0:00
199	3	42	1/8/2024 0:00
199	1	61	1/8/2024 0:00
199	11	23	1/9/2024 0:00
199	2	42	1/9/2024 0:00
199	8	23	1/10/2024 0:00
199	3	42	1/10/2024 0:00
199	7.5	12	1/11/2024 0:00
199	7.5	23	1/11/2024 0:00
199	3	35	1/11/2024 0:00
199	7.5	12	1/12/2024 0:00
199	4	23	1/12/2024 0:00
199	7.5	12	1/13/2024 0:00
199	5	42	1/13/2024 0:00
199	5	12	1/15/2024 0:00
199	7.5	23	1/15/2024 0:00
199	7	12	1/16/2024 0:00
199	11	23	1/16/2024 0:00
199	2.5	35	1/16/2024 0:00
199	4	42	1/16/2024 0:00
199	2	61	1/16/2024 0:00
199	2	73	1/16/2024 0:00
199	7.5	12	1/17/2024 0:00
199	7.5	23	1/17/2024 0:00
199	4.5	35	1/17/2024 0:00
199	5	42	1/17/2024 0:00
199	1	61	1/17/2024 0:00
199	7.5	23	1/18/2024 0:00
199	4	35	1/18/2024 0:00
199	7.5	12	1/19/2024 0:00
199	10	23	1/19/2024 0:00
199	6	42	1/19/2024 0:00
199	0.5	73	1/19/2024 0:00
199	5	42	1/20/2024 0:00
199	3	6	1/22/2024 0:00
199	7.5	12	1/22/2024 0:00
199	4	42	1/22/2024 0:00
199	2.00	73	1/22/2024 0:00
199	7.5	12	1/23/2024 0:00
199	3	42	1/23/2024 0:00
199	3.5	56	1/23/2024 0:00
199	1	73	1/23/2024 0:00
199	3	42	1/24/2024 0:00
199	2	56	1/24/2024 0:00
199	7.5	12	1/25/2024 0:00
199	2	42	1/25/2024 0:00
199	5	42	1/27/2024 0:00
199	5	56	1/29/2024 0:00
199	5	42	1/30/2024 0:00
199	1.5	73	1/30/2024 0:00
199	2	23	1/31/2024 0:00
199	7.5	12	2/1/2024 0:00
199	2	42	2/1/2024 0:00
199	3.5	56	2/1/2024 0:00
199	5	23	2/2/2024 0:00
199	3	42	2/2/2024 0:00
199	3.5	56	2/2/2024 0:00
199	2	73	2/2/2024 0:00
199	3	42	2/3/2024 0:00
199	4	42	2/4/2024 0:00
199	4	42	2/5/2024 0:00
199	5.5	56	2/5/2024 0:00
199	7.5	12	2/6/2024 0:00
199	3	23	2/6/2024 0:00
199	7.5	12	2/7/2024 0:00
199	4	23	2/7/2024 0:00
199	5	42	2/7/2024 0:00
199	3.5	56	2/7/2024 0:00
199	2	73	2/7/2024 0:00
199	5.5	23	2/8/2024 0:00
199	4.5	56	2/8/2024 0:00
199	0.5	73	2/9/2024 0:00
199	6	56	2/12/2024 0:00
199	5.5	23	2/13/2024 0:00
199	1	61	2/13/2024 0:00
199	3	73	2/13/2024 0:00
199	4	23	2/14/2024 0:00
199	5.5	23	2/15/2024 0:00
199	7.5	45	2/15/2024 0:00
199	7.5	12	2/16/2024 0:00
199	4.5	56	2/16/2024 0:00
199	0.5	73	2/16/2024 0:00
199	7.5	12	2/19/2024 0:00
199	5	45	2/19/2024 0:00
199	5.5	56	2/19/2024 0:00
199	11	12	2/20/2024 0:00
199	5	23	2/20/2024 0:00
199	10.5	45	2/20/2024 0:00
199	4.5	56	2/20/2024 0:00
199	3.5	73	2/20/2024 0:00
199	7.5	12	2/21/2024 0:00
199	7.5	45	2/21/2024 0:00
199	4	12	2/22/2024 0:00
199	7.5	23	2/22/2024 0:00
199	4.5	56	2/22/2024 0:00
199	7.5	45	2/23/2024 0:00
199	3.5	56	2/23/2024 0:00
199	7.5	56	2/26/2024 0:00
199	9	45	2/27/2024 0:00
199	9	45	2/28/2024 0:00
199	7.5	12	2/29/2024 0:00
199	9.5	45	2/29/2024 0:00
199	1	73	2/29/2024 0:00
199	7.5	12	3/1/2024 0:00
199	4.5	23	3/1/2024 0:00
199	7.5	45	3/1/2024 0:00
199	2.5	56	3/1/2024 0:00
199	3	73	3/1/2024 0:00
199	5	42	3/2/2024 0:00
199	2	45	3/2/2024 0:00
199	1.5	56	3/2/2024 0:00
199	7.5	12	3/6/2024 0:00
199	7.5	23	3/6/2024 0:00
199	7.5	12	3/7/2024 0:00
199	7.5	23	3/7/2024 0:00
199	8.5	45	3/7/2024 0:00
199	3.5	12	3/8/2024 0:00
199	6	45	3/8/2024 0:00
199	5	42	3/9/2024 0:00
199	7.5	12	3/11/2024 0:00
199	5	42	3/11/2024 0:00
199	7.5	45	3/11/2024 0:00
199	3	56	3/11/2024 0:00
199	3	73	3/11/2024 0:00
199	7.5	12	3/12/2024 0:00
199	3	42	3/12/2024 0:00
199	6.5	45	3/12/2024 0:00
199	7.5	23	3/13/2024 0:00
199	4	42	3/13/2024 0:00
199	1	45	3/13/2024 0:00
199	7.5	12	3/14/2024 0:00
199	7.5	23	3/14/2024 0:00
199	4	45	3/14/2024 0:00
199	7.5	12	3/15/2024 0:00
199	7.5	23	3/15/2024 0:00
199	3	45	3/15/2024 0:00
199	5	42	3/16/2024 0:00
199	7.5	12	3/18/2024 0:00
199	10	23	3/18/2024 0:00
199	7.5	12	3/19/2024 0:00
199	7.5	23	3/19/2024 0:00
199	3	42	3/19/2024 0:00
199	2	45	3/19/2024 0:00
199	2	73	3/19/2024 0:00
199	7.5	12	3/21/2024 0:00
199	6	45	3/21/2024 0:00
199	7.5	12	3/22/2024 0:00
199	3.5	23	3/22/2024 0:00
199	7.5	45	3/22/2024 0:00
199	1	45	3/23/2024 0:00
199	5	42	3/24/2024 0:00
199	7.5	12	4/1/2024 0:00
199	1	45	4/2/2024 0:00
199	7.5	45	4/4/2024 0:00
199	5.5	45	4/5/2024 0:00
199	7.5	12	4/8/2024 0:00
199	1	42	4/17/2024 0:00
199	1	12	4/18/2024 0:00
199	1	42	4/18/2024 0:00
199	4.5	23	4/19/2024 0:00
199	3	23	4/24/2024 0:00
199	5	42	4/24/2024 0:00
199	1.5	23	4/25/2024 0:00
199	5	42	4/27/2024 0:00
199	2	42	5/2/2024 0:00
199	4	42	5/12/2024 0:00
199	3	42	6/6/2024 0:00
12	7.50	19	1/3/2024 0:00
12	7.5	19	1/4/2024 0:00
12	7.50	19	1/5/2024 0:00
12	7.5	19	1/8/2024 0:00
12	6.5	19	1/9/2024 0:00
12	9	19	1/10/2024 0:00
12	7.5	19	1/11/2024 0:00
12	7.5	19	1/12/2024 0:00
12	7.5	19	1/15/2024 0:00
12	7.5	19	1/16/2024 0:00
12	3.5	19	1/17/2024 0:00
12	2	19	1/19/2024 0:00
12	1	19	1/23/2024 0:00
12	1.5	19	1/31/2024 0:00
12	1	19	2/6/2024 0:00
12	2.5	19	2/9/2024 0:00
12	3.5	19	4/5/2024 0:00
12	1.5	19	4/15/2024 0:00
12	1	19	4/29/2024 0:00
12	7.5	19	5/13/2024 0:00
12	7.5	19	5/14/2024 0:00
12	7.5	19	5/15/2024 0:00
12	7.5	19	5/16/2024 0:00
12	7.5	19	5/21/2024 0:00
12	7.5	19	5/22/2024 0:00
12	7.5	19	5/23/2024 0:00
12	7.5	19	5/24/2024 0:00
12	7.5	19	5/27/2024 0:00
12	7.5	19	5/28/2024 0:00
12	7.5	19	5/29/2024 0:00
12	7.5	19	5/30/2024 0:00
12	1.5	35	1/15/2024 0:00
12	1	35	2/1/2024 0:00
12	0.5	35	2/2/2024 0:00
12	7.5	35	2/4/2024 0:00
12	2	35	2/22/2024 0:00
12	1	35	3/15/2024 0:00
12	1	35	4/9/2024 0:00
12	6	35	4/14/2024 0:00
12	4	35	4/15/2024 0:00
12	1	35	4/17/2024 0:00
12	5	35	4/21/2024 0:00
12	5	35	4/22/2024 0:00
12	6.5	35	4/23/2024 0:00
12	4	35	4/24/2024 0:00
12	4	35	4/25/2024 0:00
12	3	23	1/4/2024 0:00
12	3	23	1/18/2024 0:00
12	3	23	1/24/2024 0:00
12	7.5	23	1/26/2024 0:00
12	3	23	1/30/2024 0:00
12	1	23	1/31/2024 0:00
12	3.5	23	2/9/2024 0:00
12	2	23	2/15/2024 0:00
12	1.5	23	2/16/2024 0:00
12	4	23	2/23/2024 0:00
12	1	23	2/29/2024 0:00
12	3	23	3/1/2024 0:00
12	4.5	23	4/24/2024 0:00
12	6	23	4/25/2024 0:00
12	7.5	23	4/29/2024 0:00
12	7.5	23	5/3/2024 0:00
12	1	23	6/3/2024 0:00
12	2	42	1/4/2024 0:00
12	3	42	4/13/2024 0:00
12	3	42	4/14/2024 0:00
12	2	42	4/22/2024 0:00
12	5	42	4/23/2024 0:00
12	3	42	4/25/2024 0:00
12	2	42	4/30/2024 0:00
12	2	42	5/22/2024 0:00
12	3	42	5/23/2024 0:00
12	4	42	5/26/2024 0:00
12	4	42	5/27/2024 0:00
12	2	42	5/28/2024 0:00
12	3	42	6/5/2024 0:00
12	0.5	52	2/2/2024 0:00
12	1	52	2/22/2024 0:00
12	0.75	52	3/1/2024 0:00
12	0.5	52	3/26/2024 0:00
12	7.5	52	4/4/2024 0:00
12	7.5	52	4/5/2024 0:00
12	4	52	4/25/2024 0:00
12	7.5	6	1/3/2024 0:00
12	11	6	1/4/2024 0:00
12	7.5	6	1/5/2024 0:00
12	5.5	6	1/8/2024 0:00
12	7.5	6	1/9/2024 0:00
12	7.5	6	1/10/2024 0:00
12	7.5	6	1/11/2024 0:00
12	3.5	6	1/12/2024 0:00
12	3.5	6	1/15/2024 0:00
12	2.5	6	1/16/2024 0:00
12	2.5	6	1/17/2024 0:00
12	3	6	2/15/2024 0:00
12	1	6	2/23/2024 0:00
12	1	6	3/15/2024 0:00
12	3.5	6	3/18/2024 0:00
12	4.5	6	3/19/2024 0:00
12	5	6	4/2/2024 0:00
12	0.5	6	4/5/2024 0:00
12	2.5	6	4/15/2024 0:00
12	1	6	4/25/2024 0:00
12	0.5	6	5/2/2024 0:00
12	1	6	5/13/2024 0:00
12	1.5	6	6/3/2024 0:00
12	3.5	6	6/4/2024 0:00
12	8	33	1/2/2024 0:00
12	8.5	33	1/3/2024 0:00
12	4.50	33	1/4/2024 0:00
12	2.5	33	1/5/2024 0:00
12	4.5	33	1/6/2024 0:00
12	5.50	33	1/8/2024 0:00
12	9.5	33	1/9/2024 0:00
12	9	33	1/10/2024 0:00
12	7.5	33	1/11/2024 0:00
12	1.5	33	1/12/2024 0:00
12	1	33	1/14/2024 0:00
12	6.5	33	1/15/2024 0:00
12	3.5	33	1/16/2024 0:00
12	6	33	1/17/2024 0:00
12	1	33	1/18/2024 0:00
12	0.5	33	1/19/2024 0:00
12	7	33	1/20/2024 0:00
12	4	33	1/21/2024 0:00
12	1	33	1/22/2024 0:00
12	3	33	1/23/2024 0:00
12	3	33	1/24/2024 0:00
12	3.5	33	1/25/2024 0:00
12	2	33	1/26/2024 0:00
12	5	33	1/27/2024 0:00
12	12	33	1/29/2024 0:00
12	3	33	1/30/2024 0:00
12	7.5	33	1/31/2024 0:00
12	5	33	2/1/2024 0:00
12	7	33	2/2/2024 0:00
12	12	33	2/5/2024 0:00
12	7	33	2/6/2024 0:00
12	3	33	2/7/2024 0:00
12	3.5	33	2/8/2024 0:00
12	1	33	2/9/2024 0:00
12	1.5	33	2/10/2024 0:00
12	6.5	33	2/26/2024 0:00
12	1.5	33	2/27/2024 0:00
12	1.5	33	2/29/2024 0:00
12	3	33	3/1/2024 0:00
12	7.5	33	3/4/2024 0:00
12	3	33	3/5/2024 0:00
12	8.5	33	3/7/2024 0:00
12	8	33	3/8/2024 0:00
12	6.5	33	3/11/2024 0:00
12	5	33	3/12/2024 0:00
12	3.5	33	3/13/2024 0:00
12	7.5	33	3/14/2024 0:00
12	3.5	33	3/18/2024 0:00
12	3.5	33	3/19/2024 0:00
12	1	33	3/21/2024 0:00
12	1.5	33	3/22/2024 0:00
12	5	33	3/25/2024 0:00
12	2.5	33	3/26/2024 0:00
12	1	33	3/27/2024 0:00
12	8	33	4/2/2024 0:00
12	9.5	33	4/3/2024 0:00
12	2.5	33	4/4/2024 0:00
12	5.5	33	4/5/2024 0:00
12	5	33	4/8/2024 0:00
12	6	33	4/9/2024 0:00
12	3	33	4/10/2024 0:00
12	4.5	33	4/11/2024 0:00
12	6	33	4/12/2024 0:00
12	6.5	33	4/15/2024 0:00
12	5	33	4/16/2024 0:00
12	3.5	33	4/17/2024 0:00
12	8	33	4/18/2024 0:00
12	2.5	33	4/19/2024 0:00
12	1.5	33	4/22/2024 0:00
12	4.5	33	4/23/2024 0:00
12	2.5	33	4/24/2024 0:00
12	1.5	33	4/25/2024 0:00
12	6.5	33	4/26/2024 0:00
12	6	33	4/29/2024 0:00
12	4.5	33	4/30/2024 0:00
12	4.5	33	5/2/2024 0:00
12	4	33	5/3/2024 0:00
12	5	33	5/5/2024 0:00
12	11.5	33	5/6/2024 0:00
12	1.5	33	5/7/2024 0:00
12	4	33	5/8/2024 0:00
12	2.5	33	5/13/2024 0:00
12	2	33	5/15/2024 0:00
12	7	33	5/16/2024 0:00
12	6.5	33	5/21/2024 0:00
12	6	33	5/22/2024 0:00
12	1.5	33	5/23/2024 0:00
12	5.5	33	5/27/2024 0:00
12	5.5	33	5/28/2024 0:00
12	1.5	33	5/30/2024 0:00
12	3.5	33	5/31/2024 0:00
12	9	33	6/3/2024 0:00
12	6	33	6/4/2024 0:00
12	0.5	33	6/5/2024 0:00
12	4.5	33	6/6/2024 0:00
12	5.5	33	6/7/2024 0:00
12	7.5	59	1/2/2024 0:00
12	7.5	59	1/3/2024 0:00
12	7.5	59	1/4/2024 0:00
12	7.5	59	1/5/2024 0:00
12	7.5	59	1/8/2024 0:00
12	7.5	59	1/9/2024 0:00
12	7.5	59	1/10/2024 0:00
12	7.5	59	1/11/2024 0:00
12	7.5	59	1/12/2024 0:00
12	7.5	59	1/15/2024 0:00
12	7.5	59	1/16/2024 0:00
12	7.5	59	1/17/2024 0:00
12	7.5	59	1/18/2024 0:00
12	4	59	1/19/2024 0:00
12	7.5	59	1/22/2024 0:00
12	7.5	59	1/23/2024 0:00
12	7.5	59	1/24/2024 0:00
12	7.5	59	1/25/2024 0:00
12	7.5	59	1/26/2024 0:00
12	7.5	59	1/29/2024 0:00
12	7.5	59	1/30/2024 0:00
12	7.50	59	1/31/2024 0:00
12	7.50	59	2/1/2024 0:00
12	7.5	59	2/2/2024 0:00
12	7.5	59	2/5/2024 0:00
12	7.5	59	2/6/2024 0:00
12	7.5	59	2/7/2024 0:00
12	7.5	59	2/8/2024 0:00
12	7.5	59	2/9/2024 0:00
12	7.5	59	2/12/2024 0:00
12	7.5	59	2/13/2024 0:00
12	7.5	59	2/14/2024 0:00
12	7.5	59	2/15/2024 0:00
12	7.5	59	2/16/2024 0:00
12	7.5	59	2/19/2024 0:00
12	7.5	59	2/20/2024 0:00
12	7.5	59	2/21/2024 0:00
12	7.5	59	2/22/2024 0:00
12	7.5	59	2/23/2024 0:00
12	7.5	59	2/26/2024 0:00
12	7.5	59	2/27/2024 0:00
12	7.5	59	2/28/2024 0:00
12	7.5	59	2/29/2024 0:00
12	7.5	59	3/1/2024 0:00
12	7.5	59	3/4/2024 0:00
12	7.5	59	3/5/2024 0:00
12	7.5	59	3/6/2024 0:00
12	7.5	59	3/7/2024 0:00
12	7.5	59	3/8/2024 0:00
12	7.5	59	3/11/2024 0:00
12	7.5	59	3/12/2024 0:00
12	7.5	59	3/13/2024 0:00
12	7.5	59	3/14/2024 0:00
12	7.5	59	3/15/2024 0:00
12	7.5	59	3/18/2024 0:00
12	7.5	59	3/19/2024 0:00
12	7.5	59	3/20/2024 0:00
12	7.5	59	3/21/2024 0:00
12	7.5	59	3/22/2024 0:00
12	7.5	59	3/25/2024 0:00
12	7.5	59	3/26/2024 0:00
12	7.5	59	4/2/2024 0:00
12	7.50	59	4/3/2024 0:00
12	7.5	59	4/4/2024 0:00
12	7.5	59	4/5/2024 0:00
12	7.5	59	4/8/2024 0:00
12	7.5	59	4/9/2024 0:00
12	7.5	59	4/10/2024 0:00
12	7.5	59	4/11/2024 0:00
12	7.5	59	4/12/2024 0:00
12	7.5	59	4/15/2024 0:00
12	7.5	59	4/16/2024 0:00
12	7.5	59	4/17/2024 0:00
12	7.5	59	4/18/2024 0:00
12	4.5	59	4/19/2024 0:00
12	7.5	59	4/22/2024 0:00
12	7.5	59	4/23/2024 0:00
12	7.5	59	4/24/2024 0:00
12	7.5	59	4/25/2024 0:00
12	7.5	59	4/26/2024 0:00
12	7.5	59	4/29/2024 0:00
12	7.5	59	4/30/2024 0:00
12	7.5	59	5/2/2024 0:00
12	7.5	59	5/3/2024 0:00
12	7.5	59	5/6/2024 0:00
12	7.5	59	5/7/2024 0:00
12	0.5	59	5/8/2024 0:00
12	2.5	59	5/10/2024 0:00
12	7.5	59	5/27/2024 0:00
12	7.5	59	5/28/2024 0:00
12	7.5	59	5/29/2024 0:00
12	7.5	59	5/30/2024 0:00
12	2.5	59	5/31/2024 0:00
12	7.5	59	6/3/2024 0:00
12	7.5	59	6/4/2024 0:00
12	7.5	59	6/5/2024 0:00
12	7.5	59	6/6/2024 0:00
12	7.5	59	6/7/2024 0:00
12	7.5	59	6/10/2024 0:00
12	7.5	59	6/11/2024 0:00
12	7.5	59	6/12/2024 0:00
12	7.5	59	6/13/2024 0:00
12	7.5	59	6/14/2024 0:00
12	1	61	1/4/2024 0:00
12	1	61	1/5/2024 0:00
12	2.5	61	1/8/2024 0:00
12	3.5	61	1/9/2024 0:00
12	2	61	1/10/2024 0:00
12	4	61	1/16/2024 0:00
12	9.5	61	1/17/2024 0:00
12	9	61	1/18/2024 0:00
12	5.5	61	1/19/2024 0:00
12	3.5	61	1/22/2024 0:00
12	3.5	61	1/23/2024 0:00
12	2	61	1/24/2024 0:00
12	9	61	1/25/2024 0:00
12	2	61	1/29/2024 0:00
12	2.5	61	1/30/2024 0:00
12	4	61	1/31/2024 0:00
12	4	61	2/1/2024 0:00
12	5.5	61	2/2/2024 0:00
12	2	61	2/5/2024 0:00
12	0.5	61	2/6/2024 0:00
12	4.5	61	2/7/2024 0:00
12	2	61	2/9/2024 0:00
12	3	61	2/12/2024 0:00
12	4	61	2/13/2024 0:00
12	3.5	61	2/14/2024 0:00
12	2	61	2/16/2024 0:00
12	2.5	61	2/19/2024 0:00
12	3	61	2/20/2024 0:00
12	3	61	2/21/2024 0:00
12	4	61	2/22/2024 0:00
12	3	61	2/23/2024 0:00
12	1	61	2/25/2024 0:00
12	5.5	61	2/26/2024 0:00
12	7	61	2/27/2024 0:00
12	7.5	61	2/28/2024 0:00
12	7.5	61	2/29/2024 0:00
12	1	61	3/1/2024 0:00
12	5	61	3/3/2024 0:00
12	3	61	3/4/2024 0:00
12	2.5	61	3/6/2024 0:00
12	3	61	3/10/2024 0:00
12	5	61	3/16/2024 0:00
12	4	61	3/17/2024 0:00
12	5	61	3/24/2024 0:00
12	3	61	3/27/2024 0:00
12	7.5	61	4/4/2024 0:00
12	7.5	61	4/5/2024 0:00
12	2	61	4/12/2024 0:00
12	4	61	4/18/2024 0:00
12	2	61	4/25/2024 0:00
12	3.5	61	4/29/2024 0:00
12	3	61	5/1/2024 0:00
12	1	61	5/6/2024 0:00
12	0.5	61	5/27/2024 0:00
12	2.5	61	6/3/2024 0:00
12	1	61	6/7/2024 0:00
12	3.5	45	1/2/2024 0:00
12	0.5	45	1/3/2024 0:00
12	2.5	45	1/8/2024 0:00
12	3.5	45	1/9/2024 0:00
12	1	45	1/11/2024 0:00
12	4.5	45	1/30/2024 0:00
12	7.5	45	1/31/2024 0:00
12	5	45	2/1/2024 0:00
12	7.5	45	2/2/2024 0:00
12	3	45	2/6/2024 0:00
12	3.5	45	2/9/2024 0:00
12	6.5	45	2/13/2024 0:00
12	4.5	45	2/14/2024 0:00
12	2	45	2/19/2024 0:00
12	4.5	45	2/22/2024 0:00
12	2	45	3/6/2024 0:00
12	1	45	3/12/2024 0:00
12	1	45	3/13/2024 0:00
12	2.5	45	3/14/2024 0:00
12	1	45	3/24/2024 0:00
12	3.5	45	4/2/2024 0:00
12	6	45	4/3/2024 0:00
12	7.5	45	4/8/2024 0:00
12	9.5	45	4/9/2024 0:00
12	7.5	45	4/10/2024 0:00
12	7.5	45	4/11/2024 0:00
12	4.5	45	4/12/2024 0:00
12	4.5	45	4/15/2024 0:00
12	4.5	45	4/17/2024 0:00
12	1	45	5/13/2024 0:00
12	2	45	5/22/2024 0:00
12	2	45	6/4/2024 0:00
12	4	12	1/4/2024 0:00
12	7.5	12	1/9/2024 0:00
12	7.5	12	1/10/2024 0:00
12	2.5	12	1/15/2024 0:00
12	5.5	12	1/16/2024 0:00
12	7.5	12	1/18/2024 0:00
12	2	12	1/23/2024 0:00
12	7.5	12	1/24/2024 0:00
12	2.5	12	1/26/2024 0:00
12	7.5	12	1/29/2024 0:00
12	7.5	12	1/30/2024 0:00
12	7.5	12	1/31/2024 0:00
12	7.5	12	2/2/2024 0:00
12	7.5	12	2/12/2024 0:00
12	7.5	12	2/13/2024 0:00
12	7.5	12	2/14/2024 0:00
12	7.5	12	2/26/2024 0:00
12	7.5	12	2/27/2024 0:00
12	5.5	12	2/28/2024 0:00
12	7.5	12	3/20/2024 0:00
12	7.5	12	4/2/2024 0:00
12	7.5	12	4/3/2024 0:00
12	7.5	12	4/4/2024 0:00
12	7.5	12	4/9/2024 0:00
12	7.5	12	4/10/2024 0:00
12	2	12	5/28/2024 0:00
12	7.5	12	5/29/2024 0:00
12	7.5	12	5/30/2024 0:00
12	2.5	12	5/31/2024 0:00
12	7.5	12	6/3/2024 0:00
12	7.5	12	6/4/2024 0:00
12	7.5	75	1/2/2024 0:00
12	7.5	75	1/3/2024 0:00
12	7.5	75	1/4/2024 0:00
12	7.50	75	1/5/2024 0:00
12	7.5	75	1/8/2024 0:00
12	7.5	75	1/9/2024 0:00
12	7.5	75	1/11/2024 0:00
12	7.5	75	1/12/2024 0:00
12	7.5	75	1/15/2024 0:00
12	7.5	75	1/16/2024 0:00
12	7.5	75	1/17/2024 0:00
12	7.5	75	1/18/2024 0:00
12	7.5	75	1/19/2024 0:00
12	7.5	75	1/22/2024 0:00
12	6.5	75	1/23/2024 0:00
12	7.5	75	1/24/2024 0:00
12	7.5	75	1/25/2024 0:00
12	5.5	75	1/26/2024 0:00
12	3.5	75	1/29/2024 0:00
12	7.5	75	1/30/2024 0:00
12	7.5	75	2/1/2024 0:00
12	7.5	75	2/2/2024 0:00
12	7.5	75	2/7/2024 0:00
12	7.5	75	2/8/2024 0:00
12	7.5	75	2/9/2024 0:00
12	7.5	75	2/12/2024 0:00
12	7.5	75	2/13/2024 0:00
12	7.5	75	2/14/2024 0:00
12	5.5	75	2/20/2024 0:00
12	5.5	75	2/21/2024 0:00
12	7.5	75	2/28/2024 0:00
12	7.5	75	2/29/2024 0:00
12	7.5	75	3/20/2024 0:00
12	4.5	75	3/21/2024 0:00
12	3.5	75	3/22/2024 0:00
12	4	75	3/25/2024 0:00
12	7.5	75	4/10/2024 0:00
12	7.5	75	4/11/2024 0:00
12	7.5	75	4/12/2024 0:00
12	3.5	75	4/15/2024 0:00
12	7.5	75	4/16/2024 0:00
12	4	75	4/22/2024 0:00
12	3	75	4/24/2024 0:00
12	5.5	75	4/25/2024 0:00
12	3.5	75	4/26/2024 0:00
12	4.5	75	4/29/2024 0:00
12	7.5	75	4/30/2024 0:00
12	4	75	5/31/2024 0:00
12	2	46	1/12/2024 0:00
12	2	46	1/13/2024 0:00
12	1	46	1/16/2024 0:00
12	2.5	46	1/18/2024 0:00
12	0.5	46	1/22/2024 0:00
12	1	46	2/3/2024 0:00
12	3	46	2/6/2024 0:00
12	1	46	2/8/2024 0:00
12	3	46	2/14/2024 0:00
12	0.5	46	2/15/2024 0:00
12	2	46	2/20/2024 0:00
12	2	46	2/21/2024 0:00
12	1.5	46	2/23/2024 0:00
12	0.5	46	2/26/2024 0:00
12	4	46	3/31/2024 0:00
12	1	46	4/1/2024 0:00
12	5	46	4/4/2024 0:00
12	2	46	4/6/2024 0:00
12	3	46	4/10/2024 0:00
12	3	46	4/11/2024 0:00
12	3	46	4/14/2024 0:00
12	2	46	4/17/2024 0:00
12	7.5	46	4/18/2024 0:00
12	7.5	46	5/2/2024 0:00
12	7.5	46	5/3/2024 0:00
12	7.5	46	5/6/2024 0:00
12	7.5	46	5/7/2024 0:00
12	7.5	46	5/8/2024 0:00
12	5.5	46	5/10/2024 0:00
12	7.5	46	5/13/2024 0:00
12	7.5	46	5/14/2024 0:00
12	7.5	46	5/15/2024 0:00
12	7.5	46	5/16/2024 0:00
12	7.5	46	5/21/2024 0:00
12	7.5	46	5/22/2024 0:00
12	7.5	46	5/23/2024 0:00
12	7.5	46	5/24/2024 0:00
12	7.5	46	5/27/2024 0:00
12	8.5	46	5/28/2024 0:00
12	9.5	46	5/29/2024 0:00
12	7.5	46	5/30/2024 0:00
12	3.5	46	5/31/2024 0:00
12	7.5	46	6/3/2024 0:00
12	10	46	6/4/2024 0:00
12	10	46	6/5/2024 0:00
12	7.5	46	6/6/2024 0:00
12	7.5	46	6/7/2024 0:00
59	7.5	75	1/10/2024 0:00
59	7.5	75	1/31/2024 0:00
59	7.5	75	2/5/2024 0:00
59	5	75	2/6/2024 0:00
59	7.5	75	2/15/2024 0:00
59	7.5	75	2/22/2024 0:00
59	7.5	75	2/26/2024 0:00
59	7.5	75	2/27/2024 0:00
59	7.5	75	3/1/2024 0:00
59	7.5	75	3/4/2024 0:00
59	7.5	75	3/5/2024 0:00
59	7.5	75	3/6/2024 0:00
59	7.5	75	3/7/2024 0:00
59	7.5	75	3/8/2024 0:00
59	7.5	75	3/11/2024 0:00
59	7.5	75	3/12/2024 0:00
59	7.5	75	3/13/2024 0:00
59	7.5	75	3/15/2024 0:00
59	7.5	75	3/18/2024 0:00
59	7.5	75	3/19/2024 0:00
59	4	75	3/22/2024 0:00
59	3.5	75	3/25/2024 0:00
59	7.5	75	3/26/2024 0:00
59	7.5	75	3/27/2024 0:00
59	7.5	75	4/2/2024 0:00
59	7.5	75	4/3/2024 0:00
59	7.5	75	4/4/2024 0:00
59	7.5	75	4/5/2024 0:00
59	7.5	75	4/8/2024 0:00
59	7.5	75	4/9/2024 0:00
59	4	75	4/15/2024 0:00
59	7.5	75	4/17/2024 0:00
59	7.5	75	4/19/2024 0:00
59	7.5	75	4/23/2024 0:00
59	4.5	75	4/24/2024 0:00
59	4	45	1/5/2024 0:00
59	1	45	1/9/2024 0:00
59	0.5	45	1/10/2024 0:00
59	8.5	45	2/26/2024 0:00
59	1	45	3/13/2024 0:00
59	1	45	3/14/2024 0:00
211	2	61	1/3/2024 0:00
211	4	61	1/5/2024 0:00
211	1	61	1/8/2024 0:00
211	2	61	1/24/2024 0:00
211	3	61	1/31/2024 0:00
211	3	61	2/7/2024 0:00
211	10	61	2/10/2024 0:00
211	6	61	2/11/2024 0:00
211	1	61	2/13/2024 0:00
211	2	61	2/14/2024 0:00
211	2	61	2/16/2024 0:00
211	2	61	2/17/2024 0:00
211	2	61	2/20/2024 0:00
211	2	61	2/21/2024 0:00
211	1.5	61	2/22/2024 0:00
211	3.5	61	4/30/2024 0:00
211	3	61	5/1/2024 0:00
211	2	61	5/2/2024 0:00
211	2.5	61	5/6/2024 0:00
211	3	61	5/13/2024 0:00
211	4	61	5/14/2024 0:00
211	3	61	5/18/2024 0:00
211	1.5	61	5/19/2024 0:00
211	3	61	5/20/2024 0:00
211	2	61	5/27/2024 0:00
211	2	61	5/28/2024 0:00
211	2.5	61	6/2/2024 0:00
211	2	56	1/8/2024 0:00
211	3	56	5/29/2024 0:00
211	1.5	56	6/3/2024 0:00
12	3	56	2/15/2024 0:00
12	1	56	2/19/2024 0:00
12	2	56	2/22/2024 0:00
12	3.5	56	4/30/2024 0:00
12	3	56	5/6/2024 0:00
211	0.50	35	1/1/2024 0:00
211	4.00	35	1/2/2024 0:00
211	4.5	35	1/3/2024 0:00
211	4.00	35	1/4/2024 0:00
211	8	35	1/6/2024 0:00
211	8	35	1/7/2024 0:00
211	1.50	35	1/8/2024 0:00
211	2.5	35	1/9/2024 0:00
211	4	35	1/10/2024 0:00
211	7	35	1/13/2024 0:00
211	6	35	1/20/2024 0:00
211	2	35	1/21/2024 0:00
211	1.5	35	1/22/2024 0:00
211	2	35	1/29/2024 0:00
211	4	35	1/30/2024 0:00
211	2.5	35	1/31/2024 0:00
211	2.5	35	2/6/2024 0:00
211	1.5	35	2/7/2024 0:00
211	1.5	35	2/8/2024 0:00
211	4.5	35	2/10/2024 0:00
211	2.5	35	2/12/2024 0:00
211	1	35	2/13/2024 0:00
211	2	35	2/20/2024 0:00
211	6	35	2/24/2024 0:00
211	1	35	2/27/2024 0:00
211	2.5	35	3/5/2024 0:00
211	2	35	3/6/2024 0:00
211	2.5	35	3/7/2024 0:00
211	4	35	3/9/2024 0:00
211	1.5	35	3/13/2024 0:00
211	2.5	35	3/14/2024 0:00
211	1.5	35	3/18/2024 0:00
211	1	35	3/19/2024 0:00
211	2.5	35	3/20/2024 0:00
211	6	35	3/31/2024 0:00
211	4	35	4/1/2024 0:00
211	3	35	4/8/2024 0:00
211	4	35	5/7/2024 0:00
211	3	35	5/8/2024 0:00
211	2	35	5/10/2024 0:00
211	5	35	5/19/2024 0:00
211	5	35	5/20/2024 0:00
211	5.5	35	6/2/2024 0:00
211	1	45	1/9/2024 0:00
211	4	45	1/10/2024 0:00
211	3	45	1/11/2024 0:00
211	3.5	45	1/12/2024 0:00
211	2	45	2/3/2024 0:00
211	7.5	45	2/5/2024 0:00
211	4.5	45	2/6/2024 0:00
211	7.5	45	2/7/2024 0:00
211	7.5	45	2/12/2024 0:00
211	7.5	45	2/16/2024 0:00
211	3	45	2/18/2024 0:00
211	2	45	2/22/2024 0:00
211	2	45	2/26/2024 0:00
211	1	45	3/4/2024 0:00
211	1	45	3/13/2024 0:00
211	2	45	3/14/2024 0:00
211	4.5	45	3/15/2024 0:00
211	5	45	3/17/2024 0:00
211	10.5	45	3/18/2024 0:00
211	5.5	45	3/19/2024 0:00
211	2	45	4/5/2024 0:00
211	3	45	4/7/2024 0:00
211	3.5	45	4/30/2024 0:00
211	3	45	5/29/2024 0:00
211	2	35	6/19/2024 0:00
211	2	35	6/20/2024 0:00
216	5	35	2/5/2024 0:00
216	2	35	2/8/2024 0:00
216	2	45	1/11/2024 0:00
216	2.5	45	2/1/2024 0:00
216	4	45	2/5/2024 0:00
216	3	45	5/6/2024 0:00
216	1	45	6/8/2024 0:00
216	2	61	1/10/2024 0:00
216	2	61	1/11/2024 0:00
216	2	61	1/15/2024 0:00
216	2.5	61	1/16/2024 0:00
216	1	61	1/17/2024 0:00
216	2	61	1/19/2024 0:00
216	2	61	1/23/2024 0:00
216	3	61	1/24/2024 0:00
216	3	61	2/5/2024 0:00
216	2	61	4/8/2024 0:00
216	2	61	4/15/2024 0:00
216	2	61	6/10/2024 0:00
12	7.5	19	6/3/2024 0:00
12	7.5	19	6/4/2024 0:00
12	7.5	19	6/5/2024 0:00
12	7.5	19	6/6/2024 0:00
12	7.5	19	6/7/2024 0:00
12	7.5	19	6/10/2024 0:00
12	7.50	19	6/11/2024 0:00
12	5.5	33	6/10/2024 0:00
12	11	33	6/11/2024 0:00
12	6	33	6/12/2024 0:00
12	0.5	33	6/13/2024 0:00
12	1	33	6/14/2024 0:00
223	4.5	33	6/17/2024 0:00
12	3	33	6/17/2024 0:00
12	4.5	33	6/18/2024 0:00
12	3.5	33	6/19/2024 0:00
12	3.5	33	6/20/2024 0:00
12	3.5	33	6/21/2024 0:00
12	4	33	6/24/2024 0:00
12	2.5	33	6/25/2024 0:00
12	6.5	33	6/26/2024 0:00
12	6.5	33	6/27/2024 0:00
12	5.5	33	6/28/2024 0:00
12	7.5	59	6/17/2024 0:00
12	7.5	59	6/18/2024 0:00
12	7.5	59	6/19/2024 0:00
12	7.5	59	6/20/2024 0:00
12	7.5	59	6/21/2024 0:00
12	7.5	59	6/24/2024 0:00
12	7.5	59	6/25/2024 0:00
12	7.5	59	6/26/2024 0:00
12	7.5	59	6/27/2024 0:00
12	7.5	59	6/28/2024 0:00
12	7.5	12	6/10/2024 0:00
12	7.5	12	6/11/2024 0:00
12	7.5	12	6/12/2024 0:00
12	7.5	12	6/13/2024 0:00
12	7.5	12	6/14/2024 0:00
12	3.5	12	6/18/2024 0:00
12	7.50	12	6/19/2024 0:00
12	7.5	12	6/20/2024 0:00
12	7.5	12	6/21/2024 0:00
12	7.5	46	6/10/2024 0:00
12	7.5	46	6/11/2024 0:00
12	7.5	46	6/12/2024 0:00
12	2	46	6/16/2024 0:00
12	7.5	46	6/17/2024 0:00
12	7.5	46	6/18/2024 0:00
12	7.5	46	6/19/2024 0:00
12	7.5	46	6/20/2024 0:00
12	7.5	46	6/21/2024 0:00
12	7.5	46	6/24/2024 0:00
12	7.5	46	6/25/2024 0:00
12	7.5	46	6/26/2024 0:00
12	4	42	6/12/2024 0:00
12	3	42	6/18/2024 0:00
12	3	42	6/27/2024 0:00
12	7.5	75	6/6/2024 0:00
12	7.5	75	6/17/2024 0:00
12	1.5	75	6/18/2024 0:00
12	6.5	75	6/28/2024 0:00
12	5.5	6	6/11/2024 0:00
18	3.5	6	6/7/2024 0:00
18	2	6	6/9/2024 0:00
12	2	23	6/11/2024 0:00
12	9.5	33	7/1/2024 0:00
12	9	33	7/2/2024 0:00
12	7.5	59	7/1/2024 0:00
12	7.5	59	7/2/2024 0:00
12	3	33	7/3/2024 0:00
12	2	33	7/4/2024 0:00
59	6.5	61	7/4/2024 0:00
12	2	61	7/4/2024 0:00
59	8	61	7/5/2024 0:00
211	4	61	7/7/2024 0:00
59	2	75	7/3/2024 0:00
59	3	75	7/4/2024 0:00
59	3	75	7/5/2024 0:00
12	0.5	61	7/8/2024 0:00
59	7	61	7/8/2024 0:00
59	2	33	7/5/2024 0:00
12	3.5	33	7/5/2024 0:00
59	4	33	7/8/2024 0:00
12	3.5	33	7/8/2024 0:00
59	9.5	61	7/9/2024 0:00
59	3.5	33	7/9/2024 0:00
59	8.5	61	7/10/2024 0:00
12	2	33	7/10/2024 0:00
59	7	33	7/10/2024 0:00
12	3.00	42	7/9/2024 0:00
59	9	61	7/11/2024 0:00
59	4.5	59	7/8/2024 0:00
59	7.5	59	7/9/2024 0:00
59	7.5	59	7/10/2024 0:00
59	7.5	59	7/11/2024 0:00
59	7.5	59	7/12/2024 0:00
59	7.5	59	7/3/2024 0:00
59	7.5	59	7/4/2024 0:00
59	7.5	59	7/5/2024 0:00
59	7.5	61	7/12/2024 0:00
59	8	33	7/12/2024 0:00
59	8	33	7/11/2024 0:00
12	0.5	33	7/11/2024 0:00
12	3	42	7/14/2024 0:00
12	1	33	7/15/2024 0:00
59	2	33	7/15/2024 0:00
59	8	61	7/15/2024 0:00
211	3	61	7/14/2024 0:00
211	2	61	7/15/2024 0:00
12	3	42	7/16/2024 0:00
211	1	61	7/16/2024 0:00
59	7.5	61	7/16/2024 0:00
12	2	33	7/16/2024 0:00
59	5	33	7/16/2024 0:00
59	7.5	61	7/17/2024 0:00
211	1	61	7/17/2024 0:00
12	1	33	7/17/2024 0:00
59	3.5	33	7/17/2024 0:00
59	5.5	61	7/18/2024 0:00
211	2	61	7/18/2024 0:00
12	2.5	12	7/18/2024 0:00
12	6.5	12	7/15/2024 0:00
59	1.5	33	7/19/2024 0:00
12	0.5	33	7/19/2024 0:00
59	4.5	33	7/18/2024 0:00
59	7.5	61	7/19/2024 0:00
12	3	42	7/20/2024 0:00
59	7.5	61	7/22/2024 0:00
211	0.5	61	7/22/2024 0:00
59	8	61	7/23/2024 0:00
12	0.5	61	7/23/2024 0:00
59	7	33	7/23/2024 0:00
12	1	33	7/24/2024 0:00
59	9	33	7/24/2024 0:00
59	9.5	61	7/24/2024 0:00
199	7.5	23	7/18/2024 0:00
199	7.5	23	7/19/2024 0:00
59	5	61	7/25/2024 0:00
211	2.5	45	7/25/2024 0:00
211	4	61	7/25/2024 0:00
12	7.5	12	7/22/2024 0:00
12	7.5	12	7/23/2024 0:00
12	7.5	12	7/24/2024 0:00
12	7.5	12	7/25/2024 0:00
12	7.5	12	7/26/2024 0:00
18	2	42	7/26/2024 0:00
211	2	56	7/25/2024 0:00
12	1	33	7/26/2024 0:00
59	9	33	7/26/2024 0:00
59	8.5	33	7/25/2024 0:00
59	6.5	61	7/26/2024 0:00
211	4	61	7/26/2024 0:00
211	5	61	7/27/2024 0:00
211	5	61	7/28/2024 0:00
211	3	56	7/28/2024 0:00
12	1	33	7/29/2024 0:00
211	3	61	7/30/2024 0:00
59	4.5	61	7/30/2024 0:00
12	2	23	7/15/2024 0:00
12	7.5	12	7/29/2024 0:00
12	3.5	12	7/30/2024 0:00
12	5.5	12	7/31/2024 0:00
12	4	42	8/3/2024 0:00
59	4.5	61	7/31/2024 0:00
211	2	61	7/31/2024 0:00
12	1	61	7/31/2024 0:00
12	5	61	8/1/2024 0:00
59	10	61	8/1/2024 0:00
59	1	33	8/1/2024 0:00
12	5	33	8/1/2024 0:00
59	3	33	8/2/2024 0:00
59	1.5	33	8/3/2024 0:00
211	2	45	8/4/2024 0:00
12	2	61	8/5/2024 0:00
59	5.5	61	8/5/2024 0:00
12	0.5	45	8/5/2024 0:00
12	7.5	59	8/5/2024 0:00
12	3	59	8/2/2024 0:00
12	2	61	8/6/2024 0:00
59	3.5	61	8/6/2024 0:00
12	1	61	8/7/2024 0:00
59	1	33	8/5/2024 0:00
12	2	33	8/5/2024 0:00
59	6.5	33	8/7/2024 0:00
12	0.5	6	8/7/2024 0:00
12	7.5	12	8/1/2024 0:00
12	7.5	12	8/2/2024 0:00
12	7.5	12	8/5/2024 0:00
12	7.5	12	8/6/2024 0:00
12	7.5	12	8/7/2024 0:00
12	7.5	12	8/8/2024 0:00
12	7.5	12	8/9/2024 0:00
12	1	61	8/8/2024 0:00
59	2	61	8/8/2024 0:00
12	3	42	8/7/2024 0:00
12	2	42	8/8/2024 0:00
12	1	33	8/8/2024 0:00
211	7.5	75	8/5/2024 0:00
211	7.5	75	8/6/2024 0:00
211	7.5	75	8/7/2024 0:00
211	7.5	75	8/8/2024 0:00
211	7.5	75	8/9/2024 0:00
12	2.5	61	8/9/2024 0:00
59	2	61	8/9/2024 0:00
12	7.5	59	8/12/2024 0:00
59	7.5	59	8/13/2024 0:00
59	0.5	33	8/12/2024 0:00
12	3	33	8/12/2024 0:00
59	9	59	8/14/2024 0:00
59	7.5	59	8/15/2024 0:00
59	7.5	59	8/16/2024 0:00
59	7.5	61	8/12/2024 0:00
12	1.5	6	8/9/2024 0:00
59	2.5	61	8/13/2024 0:00
12	2	61	8/13/2024 0:00
12	2.5	12	8/13/2024 0:00
12	7.5	12	8/12/2024 0:00
12	1	46	8/14/2024 0:00
59	4	33	8/14/2024 0:00
12	4.5	33	8/14/2024 0:00
59	3	61	8/15/2024 0:00
211	1	61	8/14/2024 0:00
12	1	61	8/14/2024 0:00
59	3.5	61	8/14/2024 0:00
12	3	42	8/13/2024 0:00
12	3	42	8/15/2024 0:00
59	8	33	8/15/2024 0:00
12	0.5	33	8/15/2024 0:00
12	6.5	75	8/12/2024 0:00
211	6.5	75	8/16/2024 0:00
12	2	61	8/16/2024 0:00
211	3	61	8/16/2024 0:00
12	4.5	61	8/19/2024 0:00
59	2	33	8/19/2024 0:00
12	3.5	33	8/19/2024 0:00
59	7.5	59	8/19/2024 0:00
59	7.5	59	8/20/2024 0:00
59	7.5	59	8/21/2024 0:00
59	7.5	59	8/22/2024 0:00
59	7.5	59	8/23/2024 0:00
12	1	59	8/20/2024 0:00
12	5.5	33	8/20/2024 0:00
59	2	61	8/20/2024 0:00
12	7.5	61	8/20/2024 0:00
211	1	61	8/20/2024 0:00
12	4	23	8/20/2024 0:00
12	4	23	8/19/2024 0:00
59	7.5	61	8/21/2024 0:00
211	1	61	8/21/2024 0:00
12	1	33	8/21/2024 0:00
59	4.5	33	8/21/2024 0:00
12	0.5	6	8/20/2024 0:00
12	7.5	73	8/23/2024 0:00
216	2	45	8/22/2024 0:00
18	2	42	8/20/2024 0:00
59	7	61	8/22/2024 0:00
12	0.5	61	8/22/2024 0:00
216	2	61	8/22/2024 0:00
59	1	33	8/22/2024 0:00
12	3.5	33	8/22/2024 0:00
12	7.5	12	8/23/2024 0:00
12	7.5	6	8/23/2024 0:00
211	7.5	75	8/19/2024 0:00
211	7.5	75	8/23/2024 0:00
211	7.5	75	8/26/2024 0:00
59	7.5	59	8/26/2024 0:00
59	7.5	59	8/27/2024 0:00
59	7.5	59	8/28/2024 0:00
59	7.5	59	8/29/2024 0:00
59	4	59	8/30/2024 0:00
12	7.5	61	8/23/2024 0:00
12	5.5	61	8/26/2024 0:00
12	7.5	33	8/23/2024 0:00
12	2	33	8/26/2024 0:00
59	3	33	8/26/2024 0:00
12	2	42	8/27/2024 0:00
12	3	42	8/29/2024 0:00
12	1	61	8/27/2024 0:00
59	3	33	8/27/2024 0:00
12	3	33	8/27/2024 0:00
12	2	23	8/22/2024 0:00
18	2	23	8/28/2024 0:00
59	1	33	8/28/2024 0:00
12	4.5	33	8/28/2024 0:00
12	1	45	8/28/2024 0:00
59	5	61	8/29/2024 0:00
59	5	61	8/30/2024 0:00
12	2.5	61	8/30/2024 0:00
12	2	42	8/31/2024 0:00
12	1.5	6	8/28/2024 0:00
12	1	6	8/30/2024 0:00
12	1.5	6	8/31/2024 0:00
211	5	61	8/31/2024 0:00
12	1	56	9/1/2024 0:00
18	2	23	8/30/2024 0:00
12	7.5	23	8/23/2024 0:00
59	7.5	59	9/2/2024 0:00
59	7.5	59	9/3/2024 0:00
59	7.5	59	9/4/2024 0:00
59	7.5	59	9/5/2024 0:00
59	7.5	59	9/6/2024 0:00
12	1	61	9/2/2024 0:00
59	6.5	61	9/2/2024 0:00
211	5	61	9/2/2024 0:00
211	3	61	9/3/2024 0:00
59	3.5	61	9/3/2024 0:00
59	1.5	33	9/2/2024 0:00
12	6.5	33	9/2/2024 0:00
59	1.5	33	9/3/2024 0:00
12	4	33	9/3/2024 0:00
12	1	61	9/3/2024 0:00
12	1	6	9/3/2024 0:00
199	3	42	9/5/2024 0:00
199	2	42	9/4/2024 0:00
199	7.5	42	9/2/2024 0:00
211	7.5	75	9/2/2024 0:00
12	3.5	23	9/2/2024 0:00
12	7	23	9/4/2024 0:00
59	7	61	9/4/2024 0:00
211	4	61	9/4/2024 0:00
12	4	33	9/4/2024 0:00
199	5	42	9/7/2024 0:00
12	1.5	56	9/4/2024 0:00
12	0.5	45	9/4/2024 0:00
12	1	45	9/5/2024 0:00
12	5	23	9/5/2024 0:00
12	4.5	61	9/5/2024 0:00
59	3	61	9/5/2024 0:00
211	4	61	9/7/2024 0:00
12	1.5	56	9/8/2024 0:00
199	5	42	9/10/2024 0:00
59	7.5	59	9/9/2024 0:00
59	7.5	59	9/10/2024 0:00
59	7.5	59	9/11/2024 0:00
59	7.5	59	9/12/2024 0:00
211	2	61	9/8/2024 0:00
59	5.5	61	9/9/2024 0:00
12	2	61	9/9/2024 0:00
59	1	33	9/9/2024 0:00
12	5.5	33	9/9/2024 0:00
211	2	61	9/9/2024 0:00
12	3	56	9/9/2024 0:00
211	7.5	75	9/6/2024 0:00
211	7.5	75	9/9/2024 0:00
12	2	61	9/10/2024 0:00
211	5	61	9/10/2024 0:00
59	1.5	61	9/10/2024 0:00
12	1	56	9/10/2024 0:00
59	2.5	33	9/10/2024 0:00
12	4	33	9/10/2024 0:00
199	3	42	9/11/2024 0:00
199	4	42	9/14/2024 0:00
59	6.5	61	9/11/2024 0:00
12	1.5	61	9/11/2024 0:00
216	1.5	61	9/11/2024 0:00
12	2.5	56	9/11/2024 0:00
211	2	45	9/11/2024 0:00
12	0.75	6	9/11/2024 0:00
59	2	33	9/11/2024 0:00
211	2	33	9/11/2024 0:00
12	1.5	33	9/11/2024 0:00
12	1	52	9/11/2024 0:00
12	1	52	9/12/2024 0:00
59	4	61	9/12/2024 0:00
12	1	61	9/12/2024 0:00
12	2	61	9/13/2024 0:00
59	5.5	61	9/13/2024 0:00
12	1	52	9/13/2024 0:00
12	1	33	9/12/2024 0:00
59	3.5	33	9/13/2024 0:00
211	1.5	61	9/14/2024 0:00
12	4	6	9/15/2024 0:00
12	2	52	9/15/2024 0:00
199	2	42	9/16/2024 0:00
199	3	42	9/17/2024 0:00
59	7.5	59	9/16/2024 0:00
59	7.5	59	9/17/2024 0:00
59	7.5	59	9/18/2024 0:00
59	7.5	59	9/19/2024 0:00
59	7.5	59	9/20/2024 0:00
12	2	33	9/16/2024 0:00
59	6.5	33	9/16/2024 0:00
59	8.5	61	9/16/2024 0:00
12	1	52	9/16/2024 0:00
12	1.5	33	9/17/2024 0:00
59	0.5	33	9/17/2024 0:00
211	1.5	45	9/17/2024 0:00
12	3	6	9/17/2024 0:00
59	5	61	9/17/2024 0:00
211	2.5	61	9/17/2024 0:00
211	1	45	9/18/2024 0:00
12	3.5	6	9/18/2024 0:00
59	4	61	9/18/2024 0:00
12	1	61	9/18/2024 0:00
211	2.5	61	9/18/2024 0:00
211	2	61	9/19/2024 0:00
12	2.5	56	9/18/2024 0:00
211	7.5	75	9/13/2024 0:00
199	4	42	9/21/2024 0:00
59	3.5	33	9/19/2024 0:00
12	1.5	33	9/19/2024 0:00
211	2	45	9/19/2024 0:00
12	1	45	9/22/2024 0:00
59	1	61	9/20/2024 0:00
12	1	61	9/20/2024 0:00
211	1	61	9/20/2024 0:00
59	8	59	9/23/2024 0:00
12	7.5	59	9/25/2024 0:00
12	7.5	59	9/26/2024 0:00
12	7.5	59	9/27/2024 0:00
59	1	33	9/20/2024 0:00
12	0.5	33	9/20/2024 0:00
59	2	33	9/18/2024 0:00
12	3	33	9/18/2024 0:00
199	2	42	9/23/2024 0:00
199	4	42	9/24/2024 0:00
199	6	42	9/28/2024 0:00
199	6	42	9/29/2024 0:00
199	3	42	9/26/2024 0:00
12	2	33	9/23/2024 0:00
59	1	61	9/23/2024 0:00
12	2	61	9/23/2024 0:00
12	5	75	9/20/2024 0:00
211	7.5	75	9/16/2024 0:00
199	5	42	9/27/2024 0:00
59	1.5	33	9/24/2024 0:00
18	1	33	9/24/2024 0:00
12	8	59	9/24/2024 0:00
12	2	46	9/17/2024 0:00
12	3	46	9/22/2024 0:00
12	2	46	9/24/2024 0:00
59	2	33	9/25/2024 0:00
12	2	33	9/25/2024 0:00
12	9	61	9/25/2024 0:00
211	3	61	9/24/2024 0:00
12	3	61	9/24/2024 0:00
211	1	61	9/25/2024 0:00
59	7.5	61	9/26/2024 0:00
199	2	23	9/25/2024 0:00
199	3	23	9/23/2024 0:00
199	3	23	9/24/2024 0:00
18	4	23	9/26/2024 0:00
199	1	23	9/27/2024 0:00
12	2	6	9/27/2024 0:00
59	3.5	61	9/27/2024 0:00
12	1	61	9/27/2024 0:00
211	3	61	9/28/2024 0:00
199	2	42	9/30/2024 0:00
12	1	46	9/16/2024 0:00
12	4	46	9/26/2024 0:00
12	2	46	9/27/2024 0:00
12	2	46	9/29/2024 0:00
12	3	75	9/23/2024 0:00
12	4.5	75	9/25/2024 0:00
12	7.5	59	9/30/2024 0:00
12	7.5	59	10/1/2024 0:00
59	7.5	59	10/2/2024 0:00
59	7.5	59	10/3/2024 0:00
12	7.5	59	10/4/2024 0:00
59	4.5	61	9/30/2024 0:00
12	1	61	9/30/2024 0:00
211	1	61	9/30/2024 0:00
59	1.5	33	9/30/2024 0:00
199	2	42	10/1/2024 0:00
199	2.5	42	10/2/2024 0:00
12	2	75	9/30/2024 0:00
12	3	56	10/1/2024 0:00
199	4	42	10/3/2024 0:00
199	5	42	10/5/2024 0:00
59	0.5	33	10/1/2024 0:00
59	2	61	10/1/2024 0:00
12	6.5	61	10/1/2024 0:00
211	1	61	10/1/2024 0:00
12	3	33	10/1/2024 0:00
12	1	33	9/30/2024 0:00
199	3	23	10/1/2024 0:00
199	3	42	10/6/2024 0:00
12	5.5	52	10/1/2024 0:00
59	2	61	10/2/2024 0:00
211	1	61	10/2/2024 0:00
12	4.5	61	10/2/2024 0:00
59	2	33	10/2/2024 0:00
12	9	33	10/2/2024 0:00
12	1	56	10/2/2024 0:00
12	2	23	10/2/2024 0:00
59	4.5	61	10/3/2024 0:00
12	3	61	10/3/2024 0:00
59	2	33	10/3/2024 0:00
12	1.5	33	10/3/2024 0:00
12	1.5	56	10/3/2024 0:00
211	1.5	45	10/3/2024 0:00
12	2	46	10/2/2024 0:00
199	0.5	23	10/4/2024 0:00
12	3	33	10/4/2024 0:00
211	4	61	10/6/2024 0:00
59	3.5	61	10/4/2024 0:00
12	2	61	10/4/2024 0:00
12	2	6	10/6/2024 0:00
12	0.5	6	10/1/2024 0:00
12	3	6	10/4/2024 0:00
199	3	42	10/7/2024 0:00
199	6	42	10/8/2024 0:00
59	8.5	59	10/7/2024 0:00
12	7.5	59	10/8/2024 0:00
12	7.5	59	10/9/2024 0:00
12	7.5	59	10/11/2024 0:00
12	4	61	10/7/2024 0:00
59	3.5	61	10/7/2024 0:00
59	1	33	10/7/2024 0:00
12	5	33	10/7/2024 0:00
12	3	6	10/7/2024 0:00
199	6	42	10/9/2024 0:00
12	1	56	10/8/2024 0:00
12	1	6	10/8/2024 0:00
199	4	23	10/8/2024 0:00
199	5	42	10/10/2024 0:00
199	5	42	10/12/2024 0:00
12	1	45	10/9/2024 0:00
12	1	56	10/9/2024 0:00
12	2.5	61	10/9/2024 0:00
59	1	61	10/9/2024 0:00
59	2.5	61	10/8/2024 0:00
12	4	61	10/8/2024 0:00
211	2	61	10/8/2024 0:00
211	4	61	10/9/2024 0:00
59	5	33	10/9/2024 0:00
12	3	33	10/9/2024 0:00
59	1.5	33	10/8/2024 0:00
12	2	33	10/8/2024 0:00
12	2	75	10/1/2024 0:00
59	5.5	75	10/1/2024 0:00
59	7.5	75	10/2/2024 0:00
59	7.5	75	10/3/2024 0:00
12	3	75	10/7/2024 0:00
12	4	56	10/10/2024 0:00
12	11	52	10/9/2024 0:00
12	5.5	61	10/11/2024 0:00
211	2	61	10/11/2024 0:00
211	3.5	61	10/12/2024 0:00
12	2.5	56	10/13/2024 0:00
12	1.5	46	10/11/2024 0:00
12	2	46	10/8/2024 0:00
12	2	46	10/10/2024 0:00
199	1.5	23	10/11/2024 0:00
199	2	23	10/14/2024 0:00
211	2	61	10/14/2024 0:00
59	2	61	10/14/2024 0:00
12	3.5	61	10/14/2024 0:00
12	3	56	10/14/2024 0:00
199	6	42	10/15/2024 0:00
199	3	42	10/14/2024 0:00
199	7	42	10/16/2024 0:00
12	2	61	10/15/2024 0:00
12	1	56	10/15/2024 0:00
12	1	6	10/9/2024 0:00
12	7.5	59	10/14/2024 0:00
12	7.5	59	10/18/2024 0:00
59	7.5	59	10/16/2024 0:00
59	7.5	59	10/17/2024 0:00
59	4	33	10/15/2024 0:00
59	2	33	10/14/2024 0:00
12	2	33	10/14/2024 0:00
12	2	33	10/15/2024 0:00
59	3	33	10/16/2024 0:00
12	4.5	33	10/16/2024 0:00
12	3.5	61	10/16/2024 0:00
211	4	61	10/16/2024 0:00
199	6	23	10/16/2024 0:00
211	2	45	10/16/2024 0:00
199	2	42	10/17/2024 0:00
199	5	42	10/19/2024 0:00
12	5.5	61	10/17/2024 0:00
12	2	56	10/17/2024 0:00
59	3	33	10/17/2024 0:00
12	4	33	10/17/2024 0:00
12	1.5	33	10/18/2024 0:00
211	4	45	10/20/2024 0:00
12	2.5	61	10/18/2024 0:00
199	5	42	10/22/2024 0:00
199	2.5	42	10/21/2024 0:00
59	7.5	59	10/21/2024 0:00
12	7.5	59	10/22/2024 0:00
12	7.5	59	10/23/2024 0:00
12	7.5	59	10/24/2024 0:00
12	7.5	59	10/25/2024 0:00
211	2	45	10/21/2024 0:00
12	3	56	10/21/2024 0:00
12	2	61	10/22/2024 0:00
12	2	46	10/22/2024 0:00
12	2	56	10/22/2024 0:00
59	1.5	61	10/23/2024 0:00
12	1	61	10/23/2024 0:00
12	4	56	10/23/2024 0:00
216	2.5	61	10/23/2024 0:00
12	5.5	33	10/11/2024 0:00
59	2	61	10/24/2024 0:00
12	1.5	61	10/24/2024 0:00
12	2.5	6	10/18/2024 0:00
12	0.5	6	10/21/2024 0:00
12	0.5	6	10/22/2024 0:00
12	4	6	10/23/2024 0:00
12	7.5	23	10/10/2024 0:00
12	2.5	56	10/24/2024 0:00
12	1	12	10/25/2024 0:00
211	4	61	10/26/2024 0:00
12	8.5	33	10/23/2024 0:00
12	12	33	10/24/2024 0:00
12	9	33	10/25/2024 0:00
211	4	61	10/27/2024 0:00
12	4	46	10/24/2024 0:00
12	4	46	10/27/2024 0:00
12	2.5	46	10/25/2024 0:00
12	1	46	10/26/2024 0:00
12	2	33	10/27/2024 0:00
12	1.5	56	10/27/2024 0:00
199	4	42	10/28/2024 0:00
199	5	42	10/29/2024 0:00
199	5	42	10/31/2024 0:00
12	3.5	6	10/25/2024 0:00
12	9	75	10/23/2024 0:00
12	4	75	10/24/2024 0:00
199	2	42	10/30/2024 0:00
59	0.5	61	10/28/2024 0:00
12	2	61	10/28/2024 0:00
59	7.5	59	10/28/2024 0:00
59	7.5	59	10/29/2024 0:00
12	7.5	59	10/30/2024 0:00
12	7.5	59	10/31/2024 0:00
12	7.5	59	11/1/2024 0:00
59	2.5	33	10/28/2024 0:00
12	1	33	10/28/2024 0:00
211	1	33	10/28/2024 0:00
12	2	33	10/29/2024 0:00
211	3.5	45	10/29/2024 0:00
12	2	56	10/29/2024 0:00
12	2	46	10/28/2024 0:00
12	2	46	10/29/2024 0:00
12	4	46	10/30/2024 0:00
12	0.5	33	10/30/2024 0:00
12	1	61	10/29/2024 0:00
211	3	45	10/30/2024 0:00
12	2	12	10/30/2024 0:00
211	5	45	10/31/2024 0:00
12	2	56	10/31/2024 0:00
12	0.5	33	10/31/2024 0:00
12	6	46	10/31/2024 0:00
12	2	6	10/28/2024 0:00
12	3.5	61	10/21/2024 0:00
12	4	12	11/1/2024 0:00
211	3	61	11/3/2024 0:00
12	5	46	11/3/2024 0:00
12	8	46	11/1/2024 0:00
59	7.5	59	11/4/2024 0:00
12	7.5	59	11/5/2024 0:00
12	7.5	59	11/6/2024 0:00
12	7.5	59	11/7/2024 0:00
12	7.5	59	11/8/2024 0:00
199	5	42	11/4/2024 0:00
12	4.5	73	11/1/2024 0:00
12	1.5	33	11/1/2024 0:00
199	2.5	42	11/5/2024 0:00
199	2	42	11/6/2024 0:00
199	3	42	11/7/2024 0:00
211	2	61	11/4/2024 0:00
12	2	61	11/4/2024 0:00
12	10	33	11/4/2024 0:00
12	3.5	33	11/5/2024 0:00
12	2	33	11/6/2024 0:00
12	1.5	61	11/7/2024 0:00
59	1.5	33	11/7/2024 0:00
199	3	42	11/11/2024 0:00
199	6	42	11/12/2024 0:00
12	2	33	11/8/2024 0:00
59	2.5	33	11/8/2024 0:00
12	2	23	11/4/2024 0:00
12	4	23	11/7/2024 0:00
211	3	45	11/9/2024 0:00
12	1	61	11/8/2024 0:00
12	1	6	11/7/2024 0:00
59	1	33	11/11/2024 0:00
12	2	33	11/11/2024 0:00
211	2	45	11/11/2024 0:00
18	3	56	11/11/2024 0:00
12	2	46	11/5/2024 0:00
12	4	46	11/6/2024 0:00
12	1	46	11/7/2024 0:00
59	7.5	59	11/11/2024 0:00
59	7.5	59	11/12/2024 0:00
12	7.5	59	11/13/2024 0:00
12	7.5	59	11/14/2024 0:00
12	7.5	59	11/15/2024 0:00
12	2	33	11/12/2024 0:00
12	2.5	73	11/12/2024 0:00
199	3	42	11/13/2024 0:00
12	1.5	6	11/12/2024 0:00
12	1	33	11/13/2024 0:00
12	1	33	11/14/2024 0:00
18	2	56	11/17/2024 0:00
12	1	23	11/20/2024 0:00
199	2	42	11/18/2024 0:00
199	5	42	11/19/2024 0:00
12	1	23	11/14/2024 0:00
12	2	33	11/18/2024 0:00
12	1	46	11/18/2024 0:00
12	2	23	11/18/2024 0:00
12	2	33	11/19/2024 0:00
199	5	42	11/20/2024 0:00
12	1.5	33	11/20/2024 0:00
199	5	56	11/20/2024 0:00
12	1	56	11/20/2024 0:00
59	0.5	33	11/21/2024 0:00
12	1	33	11/21/2024 0:00
199	5	42	11/21/2024 0:00
199	1	56	11/22/2024 0:00
12	3.5	33	11/22/2024 0:00
59	3.5	61	11/22/2024 0:00
199	3	56	11/23/2024 0:00
59	9	61	11/24/2024 0:00
12	3	46	11/26/2024 0:00
199	5	42	11/25/2024 0:00
199	5	42	11/26/2024 0:00
59	1.5	61	11/25/2024 0:00
199	5.5	42	11/27/2024 0:00
199	3	42	11/28/2024 0:00
59	1	61	11/26/2024 0:00
216	1.5	73	11/26/2024 0:00
12	2	6	11/11/2024 0:00
12	2	6	11/19/2024 0:00
12	3	33	11/27/2024 0:00
59	1	61	11/28/2024 0:00
12	4	33	11/28/2024 0:00
12	1	6	11/29/2024 0:00
199	5	42	11/23/2024 0:00
12	0.5	33	11/29/2024 0:00
199	5	23	11/28/2024 0:00
199	4	23	11/29/2024 0:00
59	2	61	11/29/2024 0:00
199	3	56	12/1/2024 0:00
12	6.5	13	12/2/2024 0:00
199	4	42	12/1/2024 0:00
199	5.00	42	12/2/2024 0:00
199	5.00	42	12/3/2024 0:00
59	0.50	61	12/2/2024 0:00
12	1.00	31	12/1/2024 0:00
199	1.00	56	12/2/2024 0:00
12	0.50	77	12/3/2024 0:00
199	3	56	12/3/2024 0:00
199	4.00	42	12/4/2024 0:00
18	2.00	56	12/4/2024 0:00
12	5.50	13	12/4/2024 0:00
12	5.50	13	12/3/2024 0:00
12	7.5	13	12/5/2024 0:00
12	7.50	13	12/6/2024 0:00
12	1	76	12/4/2024 0:00
199	6.00	42	12/5/2024 0:00
199	3.00	56	12/5/2024 0:00
199	3	42	12/6/2024 0:00
12	1	6	12/5/2024 0:00
12	2	6	12/4/2024 0:00
12	4	77	12/8/2024 0:00
12	2	79	12/8/2024 0:00
12	1.5	6	12/8/2024 0:00
12	1	6	12/9/2024 0:00
199	4	42	12/9/2024 0:00
199	3.00	42	12/10/2024 0:00
211	2.00	30	12/9/2024 0:00
12	2.00	77	12/9/2024 0:00
12	5	56	12/9/2024 0:00
12	2.50	73	12/9/2024 0:00
12	2.50	76	12/9/2024 0:00
18	1.00	56	12/11/2024 0:00
12	1.50	73	12/11/2024 0:00
12	1	76	12/12/2024 0:00
12	1.00	56	12/12/2024 0:00
12	3.00	77	12/10/2024 0:00
12	0.5	77	12/12/2024 0:00
12	2	59	12/2/2024 0:00
12	2.00	59	12/9/2024 0:00
12	1.00	59	12/12/2024 0:00
12	4.00	75	12/13/2024 0:00
12	1.00	28	12/13/2024 0:00
12	2	28	12/10/2024 0:00
12	2	28	12/12/2024 0:00
12	1.00	6	12/12/2024 0:00
199	5.00	42	12/16/2024 0:00
199	3	42	12/17/2024 0:00
211	1.5	33	12/17/2024 0:00
12	7.50	13	12/9/2024 0:00
12	5.5	13	12/10/2024 0:00
12	5.5	13	12/11/2024 0:00
12	7.50	13	12/12/2024 0:00
12	7.50	13	12/13/2024 0:00
12	2.00	22	12/13/2024 0:00
12	2	23	12/16/2024 0:00
12	1.00	23	12/19/2024 0:00
59	1.00	59	12/19/2024 0:00
12	2	59	12/19/2024 0:00
12	1.00	59	12/18/2024 0:00
12	4.00	75	12/20/2024 0:00
12	1.00	47	12/19/2024 0:00
12	3	47	12/20/2024 0:00
199	4.00	42	12/19/2024 0:00
199	4.00	42	12/20/2024 0:00
199	4	42	12/23/2024 0:00
12	1.5	6	12/20/2024 0:00
12	3	46	12/13/2024 0:00
12	3.00	46	12/20/2024 0:00
12	1	46	12/22/2024 0:00
199	4.00	42	12/22/2024 0:00
199	4	42	12/15/2024 0:00
199	3	42	12/25/2024 0:00
199	3.00	42	12/26/2024 0:00
211	2	63	12/25/2024 0:00
12	3.5	13	12/23/2024 0:00
12	7.5	13	12/16/2024 0:00
12	5.5	13	12/17/2024 0:00
12	5.5	13	12/18/2024 0:00
12	7.5	13	12/19/2024 0:00
12	7.5	13	12/20/2024 0:00
12	2.00	52	12/23/2024 0:00
12	4	23	12/28/2024 0:00
12	4	23	12/29/2024 0:00
